id,calling_code,capital_city,code_2,code_3,continent_id,currency_id,flag,name
ad,376,Andorra la Vella,ad,and,eu,eur,ğŸ‡¦ğŸ‡©,Andorra
ae,971,Abu Dhabi,ae,are,as,aed,ğŸ‡¦ğŸ‡ª,United Arab Emirates
af,93,Kabul,af,afg,as,afn,ğŸ‡¦ğŸ‡«,Afghanistan
ag,1268,St. John's,ag,atg,na,xcd,ğŸ‡¦ğŸ‡¬,Antigua and Barbuda
ai,1264,The Valley,ai,aia,na,xcd,ğŸ‡¦ğŸ‡®,Anguilla
al,355,Tirana,al,alb,eu,all,ğŸ‡¦ğŸ‡±,Albania
am,374,Yerevan,am,arm,as,amd,ğŸ‡¦ğŸ‡²,Armenia
ao,244,Luanda,ao,ago,af,aoa,ğŸ‡¦ğŸ‡´,Angola
aq,672,,aq,ata,an,,ğŸ‡¦ğŸ‡¶,Antarctica
ar,54,Buenos Aires,ar,arg,sa,ars,ğŸ‡¦ğŸ‡·,Argentina
as,1684,Pago Pago,as,asm,oc,usd,ğŸ‡¦ğŸ‡¸,American Samoa
at,43,Vienna,at,aut,eu,eur,ğŸ‡¦ğŸ‡¹,Austria
au,61,Canberra,au,aus,oc,aud,ğŸ‡¦ğŸ‡º,Australia
aw,297,Oranjestad,aw,abw,na,awg,ğŸ‡¦ğŸ‡¼,Aruba
ax,358,Mariehamn,ax,ala,eu,eur,ğŸ‡¦ğŸ‡½,Aland Islands
az,994,Baku,az,aze,as,azn,ğŸ‡¦ğŸ‡¿,Azerbaijan
ba,387,Sarajevo,ba,bih,eu,bam,ğŸ‡§ğŸ‡¦,Bosnia and Herzegovina
bb,1246,Bridgetown,bb,brb,na,bbd,ğŸ‡§ğŸ‡§,Barbados
bd,880,Dhaka,bd,bgd,as,bdt,ğŸ‡§ğŸ‡©,Bangladesh
be,32,Brussels,be,bel,eu,eur,ğŸ‡§ğŸ‡ª,Belgium
bf,226,Ouagadougou,bf,bfa,af,xof,ğŸ‡§ğŸ‡«,Burkina Faso
bg,359,Sofia,bg,bgr,eu,bgn,ğŸ‡§ğŸ‡¬,Bulgaria
bh,973,Manama,bh,bhr,as,bhd,ğŸ‡§ğŸ‡­,Bahrain
bi,257,Bujumbura,bi,bdi,af,bif,ğŸ‡§ğŸ‡®,Burundi
bj,229,Porto-Novo,bj,ben,af,xof,ğŸ‡§ğŸ‡¯,Benin
bl,590,Gustavia,bl,blm,na,eur,ğŸ‡§ğŸ‡±,Saint Barthelemy
bm,1441,Hamilton,bm,bmu,na,bmd,ğŸ‡§ğŸ‡²,Bermuda
bn,673,Bandar Seri Begawan,bn,brn,as,bnd,ğŸ‡§ğŸ‡³,Brunei
bo,591,Sucre,bo,bol,sa,bob,ğŸ‡§ğŸ‡´,Bolivia
bq,599,,bq,bes,na,usd,ğŸ‡§ğŸ‡¶,"Bonaire, Saint Eustatius and Saba"
br,55,Brasilia,br,bra,sa,brl,ğŸ‡§ğŸ‡·,Brazil
bs,1242,Nassau,bs,bhs,na,bsd,ğŸ‡§ğŸ‡¸,Bahamas
bt,975,Thimphu,bt,btn,as,btn,ğŸ‡§ğŸ‡¹,Bhutan
bv,55,,bv,bvt,an,nok,ğŸ‡§ğŸ‡»,Bouvet Island
bw,267,Gaborone,bw,bwa,af,bwp,ğŸ‡§ğŸ‡¼,Botswana
by,375,Minsk,by,blr,eu,byr,ğŸ‡§ğŸ‡¾,Belarus
bz,501,Belmopan,bz,blz,na,bzd,ğŸ‡§ğŸ‡¿,Belize
ca,1,Ottawa,ca,can,na,cad,ğŸ‡¨ğŸ‡¦,Canada
cc,61,West Island,cc,cck,as,aud,ğŸ‡¨ğŸ‡¨,Cocos Islands
cd,243,Kinshasa,cd,cod,af,cdf,ğŸ‡¨ğŸ‡©,Democratic Republic of the Congo
cf,236,Bangui,cf,caf,af,xaf,ğŸ‡¨ğŸ‡«,Central African Republic
cg,242,Brazzaville,cg,cog,af,xaf,ğŸ‡¨ğŸ‡¬,Republic of the Congo
ch,41,Berne,ch,che,eu,chf,ğŸ‡¨ğŸ‡­,Switzerland
ci,225,Yamoussoukro,ci,civ,af,xof,ğŸ‡¨ğŸ‡®,Ivory Coast
ck,682,Avarua,ck,cok,oc,nzd,ğŸ‡¨ğŸ‡°,Cook Islands
cl,56,Santiago,cl,chl,sa,clp,ğŸ‡¨ğŸ‡±,Chile
cm,237,Yaounde,cm,cmr,af,xaf,ğŸ‡¨ğŸ‡²,Cameroon
cn,86,Beijing,cn,chn,as,cny,ğŸ‡¨ğŸ‡³,China
co,57,Bogota,co,col,sa,cop,ğŸ‡¨ğŸ‡´,Colombia
cr,506,San Jose,cr,cri,na,crc,ğŸ‡¨ğŸ‡·,Costa Rica
cu,53,Havana,cu,cub,na,cup,ğŸ‡¨ğŸ‡º,Cuba
cv,238,Praia,cv,cpv,af,cve,ğŸ‡¨ğŸ‡»,Cape Verde
cw,599, Willemstad,cw,cuw,na,ang,ğŸ‡¨ğŸ‡¼,Curacao
cx,61,Flying Fish Cove,cx,cxr,as,aud,ğŸ‡¨ğŸ‡½,Christmas Island
cy,357,Nicosia,cy,cyp,eu,eur,ğŸ‡¨ğŸ‡¾,Cyprus
cz,420,Prague,cz,cze,eu,czk,ğŸ‡¨ğŸ‡¿,Czech Republic
de,49,Berlin,de,deu,eu,eur,ğŸ‡©ğŸ‡ª,Germany
dj,253,Djibouti,dj,dji,af,djf,ğŸ‡©ğŸ‡¯,Djibouti
dk,45,Copenhagen,dk,dnk,eu,dkk,ğŸ‡©ğŸ‡°,Denmark
dm,1767,Roseau,dm,dma,na,xcd,ğŸ‡©ğŸ‡²,Dominica
do,1809,Santo Domingo,do,dom,na,dop,ğŸ‡©ğŸ‡´,Dominican Republic
dz,213,Algiers,dz,dza,af,dzd,ğŸ‡©ğŸ‡¿,Algeria
ec,593,Quito,ec,ecu,sa,usd,ğŸ‡ªğŸ‡¨,Ecuador
ee,372,Tallinn,ee,est,eu,eur,ğŸ‡ªğŸ‡ª,Estonia
eg,20,Cairo,eg,egy,af,egp,ğŸ‡ªğŸ‡¬,Egypt
eh,212,El-Aaiun,eh,esh,af,mad,ğŸ‡ªğŸ‡­,Western Sahara
er,291,Asmara,er,eri,af,ern,ğŸ‡ªğŸ‡·,Eritrea
es,34,Madrid,es,esp,eu,eur,ğŸ‡ªğŸ‡¸,Spain
et,251,Addis Ababa,et,eth,af,etb,ğŸ‡ªğŸ‡¹,Ethiopia
fi,358,Helsinki,fi,fin,eu,eur,ğŸ‡«ğŸ‡®,Finland
fj,679,Suva,fj,fji,oc,fjd,ğŸ‡«ğŸ‡¯,Fiji
fk,500,Stanley,fk,flk,sa,fkp,ğŸ‡«ğŸ‡°,Falkland Islands
fm,691,Palikir,fm,fsm,oc,usd,ğŸ‡«ğŸ‡²,Micronesia
fo,298,Torshavn,fo,fro,eu,dkk,ğŸ‡«ğŸ‡´,Faroe Islands
fr,33,Paris,fr,fra,eu,eur,ğŸ‡«ğŸ‡·,France
ga,241,Libreville,ga,gab,af,xaf,ğŸ‡¬ğŸ‡¦,Gabon
gb,44,London,gb,gbr,eu,gbp,ğŸ‡¬ğŸ‡§,United Kingdom
gd,1473,St. George's,gd,grd,na,xcd,ğŸ‡¬ğŸ‡©,Grenada
ge,995,Tbilisi,ge,geo,as,gel,ğŸ‡¬ğŸ‡ª,Georgia
gf,594,Cayenne,gf,guf,sa,eur,ğŸ‡¬ğŸ‡«,French Guiana
gg,44,St Peter Port,gg,ggy,eu,gbp,ğŸ‡¬ğŸ‡¬,Guernsey
gh,233,Accra,gh,gha,af,ghs,ğŸ‡¬ğŸ‡­,Ghana
gi,350,Gibraltar,gi,gib,eu,gip,ğŸ‡¬ğŸ‡®,Gibraltar
gl,299,Nuuk,gl,grl,na,dkk,ğŸ‡¬ğŸ‡±,Greenland
gm,220,Banjul,gm,gmb,af,gmd,ğŸ‡¬ğŸ‡²,Gambia
gn,224,Conakry,gn,gin,af,gnf,ğŸ‡¬ğŸ‡³,Guinea
gp,590,Basse-Terre,gp,glp,na,eur,ğŸ‡¬ğŸ‡µ,Guadeloupe
gq,240,Malabo,gq,gnq,af,xaf,ğŸ‡¬ğŸ‡¶,Equatorial Guinea
gr,30,Athens,gr,grc,eu,eur,ğŸ‡¬ğŸ‡·,Greece
gs,500,Grytviken,gs,sgs,an,gbp,ğŸ‡¬ğŸ‡¸,South Georgia and the South Sandwich Islands
gt,502,Guatemala City,gt,gtm,na,gtq,ğŸ‡¬ğŸ‡¹,Guatemala
gu,1671,Hagatna,gu,gum,oc,usd,ğŸ‡¬ğŸ‡º,Guam
gw,245,Bissau,gw,gnb,af,xof,ğŸ‡¬ğŸ‡¼,Guinea-Bissau
gy,592,Georgetown,gy,guy,sa,gyd,ğŸ‡¬ğŸ‡¾,Guyana
hk,852,Hong Kong,hk,hkg,as,hkd,ğŸ‡­ğŸ‡°,Hong Kong
hm,672,,hm,hmd,oc,,ğŸ‡¦ğŸ‡º,Heard Island and McDonald Islands
hn,504,Tegucigalpa,hn,hnd,na,hnl,ğŸ‡­ğŸ‡³,Honduras
hr,385,Zagreb,hr,hrv,eu,hrk,ğŸ‡­ğŸ‡·,Croatia
ht,509,Port-au-Prince,ht,hti,na,htg,ğŸ‡­ğŸ‡¹,Haiti
hu,36,Budapest,hu,hun,eu,huf,ğŸ‡­ğŸ‡º,Hungary
id,62,Jakarta,id,idn,as,idr,ğŸ‡®ğŸ‡©,Indonesia
ie,353,Dublin,ie,irl,eu,eur,ğŸ‡®ğŸ‡ª,Ireland
il,972,Jerusalem,il,isr,as,ils,ğŸ‡®ğŸ‡±,Israel
im,44,"Douglas, Isle of Man",im,imn,eu,gbp,ğŸ‡®ğŸ‡²,Isle of Man
in,91,New Delhi,in,ind,as,inr,ğŸ‡®ğŸ‡³,India
io,246,Diego Garcia,io,iot,as,usd,ğŸ‡®ğŸ‡´,British Indian Ocean Territory
iq,964,Baghdad,iq,irq,as,iqd,ğŸ‡®ğŸ‡¶,Iraq
ir,98,Tehran,ir,irn,as,irr,ğŸ‡®ğŸ‡·,Iran
is,354,Reykjavik,is,isl,eu,isk,ğŸ‡®ğŸ‡¸,Iceland
it,39,Rome,it,ita,eu,eur,ğŸ‡®ğŸ‡¹,Italy
je,44,Saint Helier,je,jey,eu,gbp,ğŸ‡¯ğŸ‡ª,Jersey
jm,1876,Kingston,jm,jam,na,jmd,ğŸ‡¯ğŸ‡²,Jamaica
jo,962,Amman,jo,jor,as,jod,ğŸ‡¯ğŸ‡´,Jordan
jp,81,Tokyo,jp,jpn,as,jpy,ğŸ‡¯ğŸ‡µ,Japan
ke,254,Nairobi,ke,ken,af,kes,ğŸ‡°ğŸ‡ª,Kenya
kg,996,Bishkek,kg,kgz,as,kgs,ğŸ‡°ğŸ‡¬,Kyrgyzstan
kh,855,Phnom Penh,kh,khm,as,khr,ğŸ‡°ğŸ‡­,Cambodia
ki,686,Tarawa,ki,kir,oc,aud,ğŸ‡°ğŸ‡®,Kiribati
km,269,Moroni,km,com,af,kmf,ğŸ‡°ğŸ‡²,Comoros
kn,1869,Basseterre,kn,kna,na,xcd,ğŸ‡°ğŸ‡³,Saint Kitts and Nevis
kp,850,Pyongyang,kp,prk,as,kpw,ğŸ‡°ğŸ‡µ,North Korea
kr,82,Seoul,kr,kor,as,krw,ğŸ‡°ğŸ‡·,South Korea
kw,965,Kuwait City,kw,kwt,as,kwd,ğŸ‡°ğŸ‡¼,Kuwait
ky,1345,George Town,ky,cym,na,kyd,ğŸ‡°ğŸ‡¾,Cayman Islands
kz,7,Nur-Sultan,kz,kaz,as,kzt,ğŸ‡°ğŸ‡¿,Kazakhstan
la,856,Vientiane,la,lao,as,lak,ğŸ‡±ğŸ‡¦,Laos
lb,961,Beirut,lb,lbn,as,lbp,ğŸ‡±ğŸ‡§,Lebanon
lc,1758,Castries,lc,lca,na,xcd,ğŸ‡±ğŸ‡¨,Saint Lucia
li,423,Vaduz,li,lie,eu,chf,ğŸ‡±ğŸ‡®,Liechtenstein
lk,94,Colombo,lk,lka,as,lkr,ğŸ‡±ğŸ‡°,Sri Lanka
lr,231,Monrovia,lr,lbr,af,lrd,ğŸ‡±ğŸ‡·,Liberia
ls,266,Maseru,ls,lso,af,lsl,ğŸ‡±ğŸ‡¸,Lesotho
lt,370,Vilnius,lt,ltu,eu,ltl,ğŸ‡±ğŸ‡¹,Lithuania
lu,352,Luxembourg,lu,lux,eu,eur,ğŸ‡±ğŸ‡º,Luxembourg
lv,371,Riga,lv,lva,eu,eur,ğŸ‡±ğŸ‡»,Latvia
ly,218,Tripolis,ly,lby,af,lyd,ğŸ‡±ğŸ‡¾,Libya
ma,212,Rabat,ma,mar,af,mad,ğŸ‡²ğŸ‡¦,Morocco
mc,377,Monaco,mc,mco,eu,eur,ğŸ‡²ğŸ‡¨,Monaco
md,373,Chisinau,md,mda,eu,mdl,ğŸ‡²ğŸ‡©,Moldova
me,382,Podgorica,me,mne,eu,eur,ğŸ‡²ğŸ‡ª,Montenegro
mf,590,Marigot,mf,maf,na,eur,ğŸ‡²ğŸ‡«,Saint Martin
mg,261,Antananarivo,mg,mdg,af,mga,ğŸ‡²ğŸ‡¬,Madagascar
mh,692,Majuro,mh,mhl,oc,usd,ğŸ‡²ğŸ‡­,Marshall Islands
mk,389,Skopje,mk,mkd,eu,mkd,ğŸ‡²ğŸ‡°,North Macedonia
ml,223,Bamako,ml,mli,af,xof,ğŸ‡²ğŸ‡±,Mali
mm,95,Nay Pyi Taw,mm,mmr,as,mmk,ğŸ‡²ğŸ‡²,Myanmar
mn,976,Ulan Bator,mn,mng,as,mnt,ğŸ‡²ğŸ‡³,Mongolia
mo,853,Macao,mo,mac,as,mop,ğŸ‡²ğŸ‡´,Macao
mp,1670,Saipan,mp,mnp,oc,usd,ğŸ‡²ğŸ‡µ,Northern Mariana Islands
mq,596,Fort-de-France,mq,mtq,na,eur,ğŸ‡²ğŸ‡¶,Martinique
mr,222,Nouakchott,mr,mrt,af,mro,ğŸ‡²ğŸ‡·,Mauritania
ms,1664,Plymouth,ms,msr,na,xcd,ğŸ‡²ğŸ‡¸,Montserrat
mt,356,Valletta,mt,mlt,eu,eur,ğŸ‡²ğŸ‡¹,Malta
mu,230,Port Louis,mu,mus,af,mur,ğŸ‡²ğŸ‡º,Mauritius
mv,960,Male,mv,mdv,as,mvr,ğŸ‡²ğŸ‡»,Maldives
mw,265,Lilongwe,mw,mwi,af,mwk,ğŸ‡²ğŸ‡¼,Malawi
mx,52,Mexico City,mx,mex,na,mxn,ğŸ‡²ğŸ‡½,Mexico
my,60,Kuala Lumpur,my,mys,as,myr,ğŸ‡²ğŸ‡¾,Malaysia
mz,258,Maputo,mz,moz,af,mzn,ğŸ‡²ğŸ‡¿,Mozambique
na,264,Windhoek,na,nam,af,nad,ğŸ‡³ğŸ‡¦,Namibia
nc,687,Noumea,nc,ncl,oc,xpf,ğŸ‡³ğŸ‡¨,New Caledonia
ne,227,Niamey,ne,ner,af,xof,ğŸ‡³ğŸ‡ª,Niger
nf,672,Kingston,nf,nfk,oc,aud,ğŸ‡³ğŸ‡«,Norfolk Island
ng,234,Abuja,ng,nga,af,ngn,ğŸ‡³ğŸ‡¬,Nigeria
ni,505,Managua,ni,nic,na,nio,ğŸ‡³ğŸ‡®,Nicaragua
nl,31,Amsterdam,nl,nld,eu,eur,ğŸ‡³ğŸ‡±,Netherlands
no,47,Oslo,no,nor,eu,nok,ğŸ‡³ğŸ‡´,Norway
np,977,Kathmandu,np,npl,as,npr,ğŸ‡³ğŸ‡µ,Nepal
nr,674,Yaren,nr,nru,oc,aud,ğŸ‡³ğŸ‡·,Nauru
nu,683,Alofi,nu,niu,oc,nzd,ğŸ‡³ğŸ‡º,Niue
nz,64,Wellington,nz,nzl,oc,nzd,ğŸ‡³ğŸ‡¿,New Zealand
om,968,Muscat,om,omn,as,omr,ğŸ‡´ğŸ‡²,Oman
pa,507,Panama City,pa,pan,na,pab,ğŸ‡µğŸ‡¦,Panama
pe,51,Lima,pe,per,sa,pen,ğŸ‡µğŸ‡ª,Peru
pf,689,Papeete,pf,pyf,oc,xpf,ğŸ‡µğŸ‡«,French Polynesia
pg,675,Port Moresby,pg,png,oc,pgk,ğŸ‡µğŸ‡¬,Papua New Guinea
ph,63,Manila,ph,phl,as,php,ğŸ‡µğŸ‡­,Philippines
pk,92,Islamabad,pk,pak,as,pkr,ğŸ‡µğŸ‡°,Pakistan
pl,48,Warsaw,pl,pol,eu,pln,ğŸ‡µğŸ‡±,Poland
pm,508,Saint-Pierre,pm,spm,na,eur,ğŸ‡µğŸ‡²,Saint Pierre and Miquelon
pn,870,Adamstown,pn,pcn,oc,nzd,ğŸ‡µğŸ‡³,Pitcairn
pr,1787,San Juan,pr,pri,na,usd,ğŸ‡µğŸ‡·,Puerto Rico
ps,970,East Jerusalem,ps,pse,as,ils,ğŸ‡µğŸ‡¸,Palestinian Territory
pt,351,Lisbon,pt,prt,eu,eur,ğŸ‡µğŸ‡¹,Portugal
pw,680,Melekeok,pw,plw,oc,usd,ğŸ‡µğŸ‡¼,Palau
py,595,Asuncion,py,pry,sa,pyg,ğŸ‡µğŸ‡¾,Paraguay
qa,974,Doha,qa,qat,as,qar,ğŸ‡¶ğŸ‡¦,Qatar
re,262,Saint-Denis,re,reu,af,eur,ğŸ‡·ğŸ‡ª,Reunion
ro,40,Bucharest,ro,rou,eu,ron,ğŸ‡·ğŸ‡´,Romania
rs,381,Belgrade,rs,srb,eu,rsd,ğŸ‡·ğŸ‡¸,Serbia
ru,7,Moscow,ru,rus,eu,rub,ğŸ‡·ğŸ‡º,Russia
rw,250,Kigali,rw,rwa,af,rwf,ğŸ‡·ğŸ‡¼,Rwanda
sa,966,Riyadh,sa,sau,as,sar,ğŸ‡¸ğŸ‡¦,Saudi Arabia
sb,677,Honiara,sb,slb,oc,sbd,ğŸ‡¸ğŸ‡§,Solomon Islands
sc,248,Victoria,sc,syc,af,scr,ğŸ‡¸ğŸ‡¨,Seychelles
sd,249,Khartoum,sd,sdn,af,sdg,ğŸ‡¸ğŸ‡©,Sudan
se,46,Stockholm,se,swe,eu,sek,ğŸ‡¸ğŸ‡ª,Sweden
sg,65,Singapur,sg,sgp,as,sgd,ğŸ‡¸ğŸ‡¬,Singapore
sh,290,Jamestown,sh,shn,af,shp,ğŸ‡¸ğŸ‡­,Saint Helena
si,386,Ljubljana,si,svn,eu,eur,ğŸ‡¸ğŸ‡®,Slovenia
sj,47,Longyearbyen,sj,sjm,eu,nok,ğŸ‡¸ğŸ‡¯,Svalbard and Jan Mayen
sk,421,Bratislava,sk,svk,eu,eur,ğŸ‡¸ğŸ‡°,Slovakia
sl,232,Freetown,sl,sle,af,sll,ğŸ‡¸ğŸ‡±,Sierra Leone
sm,378,San Marino,sm,smr,eu,eur,ğŸ‡¸ğŸ‡²,San Marino
sn,221,Dakar,sn,sen,af,xof,ğŸ‡¸ğŸ‡³,Senegal
so,252,Mogadishu,so,som,af,sos,ğŸ‡¸ğŸ‡´,Somalia
sr,597,Paramaribo,sr,sur,sa,srd,ğŸ‡¸ğŸ‡·,Suriname
ss,211,Juba,ss,ssd,af,ssp,ğŸ‡¸ğŸ‡¸,South Sudan
st,239,Sao Tome,st,stp,af,std,ğŸ‡¸ğŸ‡¹,Sao Tome and Principe
sv,503,San Salvador,sv,slv,na,usd,ğŸ‡¸ğŸ‡»,El Salvador
sx,599,Philipsburg,sx,sxm,na,ang,ğŸ‡¸ğŸ‡½,Sint Maarten
sy,963,Damascus,sy,syr,as,syp,ğŸ‡¸ğŸ‡¾,Syria
sz,268,Mbabane,sz,swz,af,szl,ğŸ‡¸ğŸ‡¿,Swaziland
tc,1649,Cockburn Town,tc,tca,na,usd,ğŸ‡¹ğŸ‡¨,Turks and Caicos Islands
td,235,N'Djamena,td,tcd,af,xaf,ğŸ‡¹ğŸ‡©,Chad
tf,262,Port-aux-Francais,tf,atf,an,eur,ğŸ‡¹ğŸ‡«,French Southern Territories
tg,228,Lome,tg,tgo,af,xof,ğŸ‡¹ğŸ‡¬,Togo
th,66,Bangkok,th,tha,as,thb,ğŸ‡¹ğŸ‡­,Thailand
tj,992,Dushanbe,tj,tjk,as,tjs,ğŸ‡¹ğŸ‡¯,Tajikistan
tk,690,,tk,tkl,oc,nzd,ğŸ‡¹ğŸ‡°,Tokelau
tl,670,Dili,tl,tls,oc,usd,ğŸ‡¹ğŸ‡±,East Timor
tm,993,Ashgabat,tm,tkm,as,tmt,ğŸ‡¹ğŸ‡²,Turkmenistan
tn,216,Tunis,tn,tun,af,tnd,ğŸ‡¹ğŸ‡³,Tunisia
to,676,Nuku'alofa,to,ton,oc,top,ğŸ‡¹ğŸ‡´,Tonga
tr,90,Ankara,tr,tur,as,try,ğŸ‡¹ğŸ‡·,TÃ¼rkiye
tt,1868,Port of Spain,tt,tto,na,ttd,ğŸ‡¹ğŸ‡¹,Trinidad and Tobago
tv,688,Funafuti,tv,tuv,oc,aud,ğŸ‡¹ğŸ‡»,Tuvalu
tw,886,Taipei,tw,twn,as,twd,ğŸ‡¹ğŸ‡¼,Taiwan
tz,255,Dodoma,tz,tza,af,tzs,ğŸ‡¹ğŸ‡¿,Tanzania
ua,380,Kiev,ua,ukr,eu,uah,ğŸ‡ºğŸ‡¦,Ukraine
ug,256,Kampala,ug,uga,af,ugx,ğŸ‡ºğŸ‡¬,Uganda
um,246,,um,umi,oc,usd,ğŸ‡ºğŸ‡²,United States Minor Outlying Islands
us,1,Washington,us,usa,na,usd,ğŸ‡ºğŸ‡¸,United States
uy,598,Montevideo,uy,ury,sa,uyu,ğŸ‡ºğŸ‡¾,Uruguay
uz,998,Tashkent,uz,uzb,as,uzs,ğŸ‡ºğŸ‡¿,Uzbekistan
va,379,Vatican City,va,vat,eu,eur,ğŸ‡»ğŸ‡¦,Vatican
vc,1784,Kingstown,vc,vct,na,xcd,ğŸ‡»ğŸ‡¨,Saint Vincent and the Grenadines
ve,58,Caracas,ve,ven,sa,vef,ğŸ‡»ğŸ‡ª,Venezuela
vg,1284,Road Town,vg,vgb,na,usd,ğŸ‡»ğŸ‡¬,British Virgin Islands
vi,1340,Charlotte Amalie,vi,vir,na,usd,ğŸ‡»ğŸ‡®,U.S. Virgin Islands
vn,84,Hanoi,vn,vnm,as,vnd,ğŸ‡»ğŸ‡³,Vietnam
vu,678,Port Vila,vu,vut,oc,vuv,ğŸ‡»ğŸ‡º,Vanuatu
wf,681,Mata Utu,wf,wlf,oc,xpf,ğŸ‡¼ğŸ‡«,Wallis and Futuna
ws,685,Apia,ws,wsm,oc,wst,ğŸ‡¼ğŸ‡¸,Samoa
xk,383,Pristina,xk,xkx,eu,eur,ğŸ‡½ğŸ‡°,Kosovo
ye,967,Sanaa,ye,yem,as,yer,ğŸ‡¾ğŸ‡ª,Yemen
yt,262,Mamoudzou,yt,myt,af,eur,ğŸ‡¾ğŸ‡¹,Mayotte
za,27,Pretoria,za,zaf,af,zar,ğŸ‡¿ğŸ‡¦,South Africa
zm,260,Lusaka,zm,zmb,af,zmk,ğŸ‡¿ğŸ‡²,Zambia
zw,263,Harare,zw,zwe,af,zwl,ğŸ‡¿ğŸ‡¼,Zimbabwe
